category,overall_pvalue,video1pvalue,video2pvalue,video3pvalue,video4pvalue,video5pvalue,video6pvalue,video7pvalue,video8pvalue,video1concordance,video2concordance,video3concordance,video4concordance,video5concordance,video6concordance,video7concordance,video8concordance,video1mean,video2mean,video3mean,video4mean,video5mean,video6mean,video7mean,video8mean,video1sd,video2sd,video3sd,video4sd,video5sd,video6sd,video7sd,video8sd
1.0,1.0,1.0,1.0,1.0,1.0,1.0,1.0,1.0,1.0,1.0,1.0,1.0,1.0,1.0,1.0,1.0,1.0,0.0,0.0,0.0,0.0,0.0,0.0,0.0,0.0,0.0,0.0,0.0,0.0,0.0,0.0,0.0,0.0
2.0,1.0,1.0,1.0,1.0,1.0,1.0,1.0,1.0,1.0,1.0,1.0,1.0,1.0,1.0,1.0,1.0,1.0,0.0,0.0,0.0,0.0,0.0,0.0,0.0,0.0,0.0,0.0,0.0,0.0,0.0,0.0,0.0,0.0
3.0,1.0,1.0,1.0,1.0,1.0,1.0,1.0,1.0,1.0,1.0,1.0,1.0,1.0,1.0,1.0,1.0,1.0,0.0,0.0,0.0,0.0,0.0,0.0,0.0,0.0,0.0,0.0,0.0,0.0,0.0,0.0,0.0,0.0
4.0,1.0,1.0,1.0,1.0,1.0,1.0,1.0,1.0,1.0,1.0,1.0,1.0,1.0,1.0,1.0,1.0,1.0,0.0,0.0,0.0,0.0,0.0,0.0,0.0,0.0,0.0,0.0,0.0,0.0,0.0,0.0,0.0,0.0
5.0,1.0,1.0,1.0,1.0,1.0,1.0,1.0,1.0,1.0,1.0,1.0,1.0,1.0,1.0,1.0,1.0,1.0,0.0,0.0,0.0,0.0,0.0,0.0,0.0,0.0,0.0,0.0,0.0,0.0,0.0,0.0,0.0,0.0
6.0,1.0,1.0,1.0,1.0,1.0,1.0,1.0,1.0,1.0,1.0,1.0,1.0,1.0,1.0,1.0,1.0,1.0,0.0,0.0,0.0,0.0,0.0,0.0,0.0,0.0,0.0,0.0,0.0,0.0,0.0,0.0,0.0,0.0
7.0,1.0,1.0,1.0,1.0,1.0,1.0,1.0,1.0,1.0,1.0,1.0,1.0,1.0,1.0,1.0,1.0,1.0,0.0,0.0,0.0,0.0,0.0,0.0,0.0,0.0,0.0,0.0,0.0,0.0,0.0,0.0,0.0,0.0
8.0,0.53539999999999999,0.028400000000000002,1.0,1.0,1.0,0.12479999999999999,1.0,0.54679999999999995,1.0,0.87407407407407411,0.97499999999999998,1.0,1.0,0.96917562724014339,1.0,0.95111111111111113,1.0,0.066666666666666666,0.012500000000000001,0.0,0.0,0.016129032258064516,0.0,0.025000000000000001,0.0,0.24944382578492946,0.11110243021644485,0.0,0.0,0.12597176896623638,0.0,0.15612494995995996,0.0
9.0,0.52129999999999999,0.056800000000000003,1.0,1.0,1.0,1.0,1.0,0.0,1.0,0.94135802469135799,0.97499999999999998,0.99428571428571433,1.0,1.0,1.0,0.91388888888888886,1.0,0.030555555555555555,0.012500000000000001,0.0028571428571428571,0.0,0.0,0.0,0.052499999999999998,0.0,0.17211017860732966,0.11110243021644486,0.053375833406484025,0.0,0.0,0.0,0.22303306929690944,0.0
10.0,0.4985,0.00029999999999999997,1.0,1.0,1.0,0.0053,1.0,1.0,1.0,0.95061728395061729,1.0,1.0,1.0,0.87383512544802866,1.0,0.96999999999999997,1.0,0.027777777777777776,0.0,0.0,0.0,0.070967741935483872,0.0,0.014999999999999999,0.0,0.16433554953054486,0.0,0.0,0.0,0.25677095151138579,0.0,0.12155245781143217,0.0
11.0,1.0,1.0,1.0,1.0,1.0,1.0,1.0,1.0,1.0,1.0,1.0,1.0,0.99459459459459465,1.0,1.0,0.995,1.0,0.0,0.0,0.0,0.0027027027027027029,0.0,0.0,0.0025000000000000001,0.0,0.0,0.0,0.0,0.051917223546752836,0.0,0.0,0.049937460888595443,0.0
12.0,0.97099999999999997,0.029000000000000001,1.0,1.0,1.0,1.0,1.0,1.0,1.0,0.99012345679012348,0.99375000000000002,1.0,0.98918918918918919,0.99354838709677418,1.0,0.98999999999999999,1.0,0.0055555555555555558,0.0031250000000000002,0.0,0.0054054054054054057,0.0032258064516129032,0.0,0.0050000000000000001,0.0,0.074328267556998062,0.055814284685911722,0.0,0.073322486304056939,0.056704502681441768,0.0,0.070533679898329441,0.0
13.0,1.0,1.0,1.0,1.0,1.0,1.0,1.0,1.0,1.0,1.0,1.0,1.0,1.0,1.0,1.0,1.0,1.0,0.0,0.0,0.0,0.0,0.0,0.0,0.0,0.0,0.0,0.0,0.0,0.0,0.0,0.0,0.0,0.0
14.0,1.0,1.0,1.0,1.0,1.0,1.0,1.0,1.0,1.0,1.0,0.99375000000000002,1.0,1.0,0.99354838709677418,1.0,1.0,1.0,0.0,0.0031250000000000002,0.0,0.0,0.0032258064516129032,0.0,0.0,0.0,0.0,0.055814284685911722,0.0,0.0,0.056704502681441782,0.0,0.0,0.0
15.0,0.0,0.0035999999999999999,0.0,0.0032000000000000002,0.095600000000000004,0.012699999999999999,0.0,0.0,0.0028,0.53333333333333333,0.53333333333333333,0.52825396825396831,0.48768768768768767,0.68530465949820785,0.52126984126984122,0.53944444444444439,0.58472222222222225,0.3611111111111111,0.38750000000000001,0.3457142857142857,0.4027027027027027,0.19032258064516128,0.39428571428571429,0.34749999999999998,0.29375000000000001,0.48032267960529396,0.48717938174762698,0.47560058701324898,0.49044187824720004,0.39255559598829742,0.48869672578800682,0.47617617538049922,0.45547880027505128
16.0,0.0001,0.86099999999999999,0.1137,0.96479999999999999,0.0407,0.25409999999999999,0.84650000000000003,0.0079000000000000008,1.0,0.69012345679012344,0.67083333333333328,0.69904761904761903,0.64444444444444449,0.82150537634408605,0.65523809523809529,0.70611111111111113,0.71736111111111112,0.17222222222222222,0.1875,0.1657142857142857,0.21081081081081082,0.093548387096774197,0.19714285714285715,0.16750000000000001,0.15312500000000001,0.37757347416769327,0.39031237489989989,0.37182396537137002,0.40788431307921041,0.2911993928021937,0.3978411127829905,0.37342167853513814,0.36010794822525094
17.0,0.0,0.032800000000000003,0.30420000000000003,0.039399999999999998,0.89890000000000003,0.00059999999999999995,0.0402,0.0141,0.065799999999999997,0.69567901234567897,0.60486111111111107,0.66539682539682543,0.64324324324324322,0.68100358422939067,0.67619047619047623,0.7005555555555556,0.59930555555555554,0.17499999999999999,0.24062500000000001,0.19714285714285715,0.20540540540540542,0.19032258064516128,0.18285714285714286,0.17249999999999999,0.24687500000000001,0.37996710383926657,0.42746299181917491,0.3978411127829905,0.40399755548226579,0.39255559598829742,0.38654936057800604,0.37781443858063446,0.43119338396478213
18.0,0.0001,1.0,0.0019,0.28239999999999998,0.97670000000000001,0.030200000000000001,0.0028,0.0,0.0,0.94444444444444442,0.94097222222222221,0.93841269841269837,0.89309309309309304,0.87025089605734762,0.92190476190476189,0.78111111111111109,0.88124999999999998,0.027777777777777776,0.034375000000000003,0.031428571428571431,0.054054054054054057,0.067741935483870974,0.042857142857142858,0.14999999999999999,0.071874999999999994,0.16433554953054486,0.18219044808935511,0.17447296732310888,0.22612433149569611,0.25130253811048153,0.20253495541082611,0.35707142142714249,0.25828082463667329
19.0,0.0,0.44590000000000002,0.93510000000000004,0.77680000000000005,0.0094999999999999998,0.12620000000000001,0.20699999999999999,0.063700000000000007,0.16209999999999999,0.9135802469135802,0.79236111111111107,0.78158730158730161,0.70570570570570568,0.95125448028673831,0.76253968253968252,0.75888888888888884,0.7270833333333333,0.044444444444444446,0.109375,0.11428571428571428,0.17297297297297298,0.025806451612903226,0.13142857142857142,0.14000000000000001,0.15937499999999999,0.20608041101101562,0.31210913055372153,0.31815796359028697,0.37822390669266809,0.1585574932573485,0.33786846855073099,0.34698703145794946,0.36602542176056568
20.0,0.0,0.085699999999999998,0.0167,1.0,0.1573,0.64949999999999997,0.024400000000000002,0.0,0.95569999999999999,0.63148148148148153,0.61458333333333337,0.580952380952381,0.66426426426426421,0.86236559139784941,0.60825396825396827,0.60888888888888892,0.63611111111111107,0.22500000000000001,0.24062500000000001,0.25714285714285712,0.1918918918918919,0.070967741935483872,0.24285714285714285,0.25,0.21249999999999999,0.41758232721225164,0.42746299181917491,0.4370588154508101,0.3937885139488484,0.25677095151138579,0.42880945770867523,0.4330127018922193,0.4090767042988393
21.0,0.39660000000000001,1.0,0.0027000000000000001,1.0,1.0,1.0,1.0,1.0,0.0,0.98333333333333328,0.91874999999999996,0.99428571428571433,1.0,1.0,0.98857142857142855,1.0,0.87291666666666667,0.0083333333333333332,0.046875,0.0028571428571428571,0.0,0.0,0.0057142857142857143,0.0,0.109375,0.09090593428863096,0.21137108216357317,0.053375833406484025,0.0,0.0,0.075376605475845251,0.0,0.31210913055372153
22.0,1.0,1.0,1.0,1.0,1.0,1.0,1.0,1.0,1.0,1.0,1.0,1.0,1.0,1.0,1.0,1.0,1.0,0.0,0.0,0.0,0.0,0.0,0.0,0.0,0.0,0.0,0.0,0.0,0.0,0.0,0.0,0.0,0.0
23.0,1.0,1.0,1.0,1.0,1.0,1.0,1.0,1.0,1.0,1.0,1.0,1.0,1.0,1.0,1.0,1.0,1.0,0.0,0.0,0.0,0.0,0.0,0.0,0.0,0.0,0.0,0.0,0.0,0.0,0.0,0.0,0.0,0.0
24.0,0.0,0.0,0.0,0.00040000000000000002,0.1371,0.0018,0.13100000000000001,0.0,0.00029999999999999997,0.5746913580246914,0.57430555555555551,0.68126984126984125,0.52792792792792798,0.63225806451612898,0.5917460317460318,0.5872222222222222,0.51527777777777772,0.32500000000000001,0.328125,0.19428571428571428,0.32972972972972975,0.22903225806451613,0.25428571428571428,0.28249999999999997,0.35625000000000001,0.46837484987987987,0.46953060004114749,0.39564981424260026,0.47011491686830054,0.42021004608455642,0.43545894157304704,0.4502152263084846,0.47889031886226313
25.0,0.0001,0.0001,0.0,0.0,0.0,1.0,0.035999999999999997,1.0,0.0,0.79814814814814816,0.83333333333333337,0.97904761904761906,0.94594594594594594,0.99354838709677418,0.93650793650793651,0.98499999999999999,0.80972222222222223,0.125,0.1125,0.014285714285714285,0.032432432432432434,0.0032258064516129032,0.034285714285714287,0.0074999999999999997,0.125,0.33071891388307384,0.31598061649411346,0.11866605518454394,0.17714561738566423,0.056704502681441768,0.18196209517817896,0.086277169633686979,0.33071891388307384
26.0,0.0,0.22700000000000001,0.0015,0.00020000000000000001,0.0,0.02,0.85909999999999997,0.00040000000000000002,0.36159999999999998,0.67962962962962958,0.68680555555555556,0.79174603174603175,0.75435435435435438,0.95268817204301071,0.73079365079365077,0.79666666666666663,0.73611111111111116,0.18611111111111112,0.19062499999999999,0.12,0.15405405405405406,0.025806451612903226,0.14857142857142858,0.12,0.14999999999999999,0.38919630706379876,0.39279397828250878,0.32496153618543838,0.36100055745603038,0.1585574932573485,0.35566551587646711,0.32496153618543838,0.35707142142714243
27.0,0.0,0.020400000000000001,0.0,0.2596,0.030800000000000001,1.0,0.089399999999999993,0.2417,0.42370000000000002,0.78580246913580243,0.79791666666666672,0.85460317460317459,0.81321321321321316,0.96129032258064517,0.78349206349206346,0.93222222222222217,0.77777777777777779,0.11944444444444445,0.11562500000000001,0.077142857142857138,0.10000000000000001,0.01935483870967742,0.11714285714285715,0.035000000000000003,0.11874999999999999,0.32431076012954374,0.31977470096147387,0.26681798427897224,0.29999999999999999,0.1377687516391137,0.32159043543498822,0.18377975949489109,0.32349410736518841
28.0,0.8931,1.0,1.0,1.0,1.0,1.0,1.0,0.0,1.0,1.0,1.0,1.0,0.98918918918918919,1.0,1.0,0.96888888888888891,1.0,0.0,0.0,0.0,0.0054054054054054057,0.0,0.0,0.02,0.0,0.0,0.0,0.0,0.073322486304056939,0.0,0.0,0.13999999999999999,0.0
29.0,0.0,0.0,0.0001,0.0,0.0001,1.0,0.0,0.0,0.0,0.62777777777777777,0.63541666666666663,0.71365079365079365,0.76576576576576572,0.97419354838709682,0.84253968253968259,0.91666666666666663,0.78125,0.28055555555555556,0.27187499999999998,0.23142857142857143,0.14054054054054055,0.012903225806451613,0.10285714285714286,0.050000000000000003,0.15312500000000001,0.44927067097961021,0.44492581895749767,0.42174564343345861,0.34754697093358938,0.11285713344861874,0.30377220251433174,0.21794494717703364,0.36010794822525094
30.0,1.0,1.0,1.0,1.0,1.0,1.0,1.0,1.0,1.0,1.0,1.0,1.0,0.99459459459459465,1.0,1.0,1.0,1.0,0.0,0.0,0.0,0.0027027027027027029,0.0,0.0,0.0,0.0,0.0,0.0,0.0,0.051917223546752836,0.0,0.0,0.0,0.0
31.0,1.0,1.0,1.0,1.0,1.0,1.0,1.0,1.0,1.0,1.0,1.0,1.0,1.0,1.0,1.0,1.0,1.0,0.0,0.0,0.0,0.0,0.0,0.0,0.0,0.0,0.0,0.0,0.0,0.0,0.0,0.0,0.0,0.0
32.0,0.0,0.0038999999999999998,0.0155,0.0104,0.0051999999999999998,0.0688,1.0,0.43540000000000001,0.063600000000000004,0.72962962962962963,0.71388888888888891,0.69523809523809521,0.70270270270270274,0.68172043010752692,0.9028571428571428,0.8338888888888889,0.77916666666666667,0.15555555555555556,0.16875000000000001,0.17714285714285713,0.18108108108108109,0.19354838709677419,0.048571428571428571,0.087499999999999994,0.125,0.36243347622889088,0.37453095666446584,0.38178955630834438,0.3850853452880128,0.39507899077148029,0.21497033492544776,0.28256636388643291,0.33071891388307384
33.0,0.0001,0.0,0.0,0.0,0.2717,0.0,0.186,0.0,1.0,0.70370370370370372,0.84861111111111109,0.86793650793650789,0.96336336336336337,0.59784946236559144,0.97269841269841273,0.84944444444444445,0.96250000000000002,0.19444444444444445,0.09375,0.091428571428571428,0.01891891891891892,0.36451612903225805,0.014285714285714285,0.097500000000000003,0.018749999999999999,0.39577241246597245,0.29148059540902549,0.28821760486670839,0.1362387368770655,0.48129421428851216,0.11866605518454393,0.29663740492392393,0.13564084008881691
34.0,0.0,0.33679999999999999,0.090700000000000003,0.0,0.095899999999999999,1.0,0.034599999999999999,0.0019,0.0,0.8246913580246914,0.8881944444444444,0.93841269841269837,0.90750750750750753,0.95483870967741935,0.9352380952380952,0.90277777777777779,0.9145833333333333,0.094444444444444442,0.059374999999999997,0.037142857142857144,0.048648648648648651,0.022580645161290321,0.034285714285714287,0.052499999999999998,0.053124999999999999,0.29244604862781903,0.23632521950693289,0.18911177992426184,0.2151324188338638,0.14856230889896074,0.18196209517817896,0.22303306929690944,0.22428271082497644
35.0,0.0,0.0094000000000000004,0.053999999999999999,0.0055999999999999999,0.25190000000000001,0.002,0.00029999999999999997,0.0,0.00050000000000000001,0.76049382716049385,0.81736111111111109,0.67492063492063492,0.77897897897897894,0.79713261648745515,0.84888888888888892,0.69555555555555559,0.85972222222222228,0.1388888888888889,0.10312499999999999,0.21142857142857144,0.12432432432432433,0.11935483870967742,0.085714285714285715,0.27000000000000002,0.081250000000000003,0.34583054438857591,0.3041220715025465,0.4083216019417108,0.32995118836825627,0.32420558475489641,0.27994168488950605,0.44395945760846223,0.27321866242992987
36.0,0.031300000000000001,0.0,0.0,0.23130000000000001,1.0,0.0,1.0,1.0,1.0,0.82654320987654317,0.91527777777777775,0.94984126984126982,0.99459459459459465,0.72258064516129028,0.98285714285714287,0.97999999999999998,0.96250000000000002,0.11388888888888889,0.0625,0.025714285714285714,0.0027027027027027029,0.36451612903225805,0.0085714285714285719,0.01,0.018749999999999999,0.31767626583763414,0.24206145913796356,0.15828158839388046,0.051917223546752836,0.48129421428851216,0.092184376028009579,0.099498743710661988,0.13564084008881691
37.0,1.0,1.0,1.0,1.0,1.0,1.0,1.0,1.0,1.0,0.99444444444444446,0.99375000000000002,1.0,0.98378378378378384,1.0,1.0,1.0,1.0,0.0027777777777777779,0.0031250000000000002,0.0,0.0081081081081081086,0.0,0.0,0.0,0.0,0.052631375893045611,0.055814284685911722,0.0,0.089679243367767891,0.0,0.0,0.0,0.0
38.0,1.0,1.0,1.0,1.0,1.0,1.0,1.0,1.0,1.0,1.0,1.0,1.0,0.99459459459459465,1.0,1.0,1.0,1.0,0.0,0.0,0.0,0.0027027027027027029,0.0,0.0,0.0,0.0,0.0,0.0,0.0,0.051917223546752836,0.0,0.0,0.0,0.0
39.0,0.089099999999999999,1.0,1.0,1.0,1.0,0.0419,1.0,0.0,0.0,0.98333333333333328,0.98124999999999996,1.0,1.0,0.7978494623655914,0.98857142857142855,0.80111111111111111,0.88194444444444442,0.0083333333333333332,0.0093749999999999997,0.0,0.0,0.10967741935483871,0.0057142857142857143,0.16,0.068750000000000006,0.09090593428863096,0.096369649656932968,0.0,0.0,0.31248725260160864,0.075376605475845251,0.3666060555964672,0.25302853099996453
40.0,0.017000000000000001,0.17680000000000001,0.31359999999999999,1.0,1.0,0.019300000000000001,0.14019999999999999,0.0,1.0,0.91172839506172842,0.89930555555555558,1.0,1.0,0.74408602150537639,0.9784126984126984,0.95444444444444443,0.97499999999999998,0.047222222222222221,0.053124999999999999,0.0,0.0,0.15161290322580645,0.011428571428571429,0.029999999999999999,0.012500000000000001,0.21211384667347219,0.22428271082497644,0.0,0.0,0.35864527154452863,0.10629185850136157,0.1705872210923198,0.11110243021644486
41.0,1.0,1.0,1.0,1.0,1.0,1.0,1.0,1.0,1.0,0.99444444444444446,1.0,0.98285714285714287,1.0,1.0,1.0,1.0,0.99375000000000002,0.0027777777777777779,0.0,0.0085714285714285719,0.0,0.0,0.0,0.0,0.0031250000000000002,0.052631375893045618,0.0,0.092184376028009579,0.0,0.0,0.0,0.0,0.055814284685911722
42.0,0.56359999999999999,1.0,1.0,0.13850000000000001,1.0,1.0,1.0,0.00020000000000000001,1.0,1.0,0.98750000000000004,0.90349206349206346,0.92972972972972978,1.0,1.0,0.9127777777777778,1.0,0.0,0.0062500000000000003,0.051428571428571428,0.035135135135135137,0.0,0.0,0.047500000000000001,0.0,0.0,0.078809501330740564,0.22087026388671643,0.18412131167839027,0.0,0.0,0.21270578271405785,0.0
43.0,1.0,1.0,1.0,1.0,1.0,1.0,1.0,1.0,1.0,1.0,1.0,1.0,1.0,0.99354838709677418,1.0,1.0,1.0,0.0,0.0,0.0,0.0,0.0032258064516129032,0.0,0.0,0.0,0.0,0.0,0.0,0.0,0.056704502681441768,0.0,0.0,0.0
44.0,1.0,1.0,1.0,1.0,1.0,1.0,1.0,1.0,1.0,1.0,1.0,1.0,1.0,1.0,1.0,1.0,1.0,0.0,0.0,0.0,0.0,0.0,0.0,0.0,0.0,0.0,0.0,0.0,0.0,0.0,0.0,0.0,0.0
45.0,0.0,0.0,0.0,0.0,0.0,0.91039999999999999,0.0,0.0,0.0,0.7617283950617284,0.65347222222222223,0.70285714285714285,0.65705705705705708,0.79139784946236558,0.67428571428571427,0.71888888888888891,0.65555555555555556,0.17777777777777778,0.55937499999999996,0.33142857142857141,0.55405405405405406,0.1064516129032258,0.45428571428571429,0.56000000000000005,0.58125000000000004,0.38232556742411677,0.49646209258613083,0.47072675032271938,0.49706957183106815,0.30841476458420009,0.4979058184854166,0.49638694583963427,0.49335427179664715
46.0,0.0,0.0,0.0,0.0,0.0,0.91359999999999997,0.0,0.0,0.0,0.76666666666666672,0.66319444444444442,0.70730158730158732,0.65705705705705708,0.79139784946236558,0.67428571428571427,0.64666666666666661,0.66874999999999996,0.17777777777777778,0.53437500000000004,0.32857142857142857,0.55405405405405406,0.1064516129032258,0.45428571428571429,0.495,0.58437499999999998,0.38232556742411677,0.49881695979086355,0.46969377779353139,0.49706957183106815,0.30841476458420009,0.4979058184854166,0.49997499937496875,0.49282944247985028
47.0,1.0,1.0,1.0,1.0,1.0,1.0,1.0,1.0,1.0,1.0,1.0,1.0,1.0,1.0,1.0,1.0,1.0,0.0,0.0,0.0,0.0,0.0,0.0,0.0,0.0,0.0,0.0,0.0,0.0,0.0,0.0,0.0,0.0
48.0,1.0,1.0,1.0,1.0,1.0,1.0,1.0,1.0,1.0,1.0,1.0,1.0,1.0,1.0,1.0,1.0,1.0,0.0,0.0,0.0,0.0,0.0,0.0,0.0,0.0,0.0,0.0,0.0,0.0,0.0,0.0,0.0,0.0
49.0,1.0,1.0,1.0,1.0,1.0,1.0,1.0,1.0,1.0,0.96111111111111114,0.85624999999999996,1.0,1.0,1.0,1.0,1.0,1.0,0.019444444444444445,0.071874999999999994,0.0,0.0,0.0,0.0,0.0,0.0,0.13808098357373966,0.25828082463667329,0.0,0.0,0.0,0.0,0.0,0.0
50.0,0.0058999999999999999,1.0,0.0011000000000000001,1.0,0.13789999999999999,1.0,0.0025999999999999999,0.0,0.058500000000000003,0.98333333333333328,0.90972222222222221,0.99428571428571433,0.94834834834834836,1.0,0.93777777777777782,0.79500000000000004,0.89583333333333337,0.0083333333333333332,0.050000000000000003,0.0028571428571428571,0.027027027027027029,0.0,0.034285714285714287,0.14749999999999999,0.056250000000000001,0.09090593428863096,0.21794494717703367,0.053375833406484031,0.16216216216216217,0.0,0.18196209517817896,0.35460365198345045,0.23040385738958452
51.0,0.8952,1.0,1.0,1.0,1.0,1.0,1.0,0.0,1.0,1.0,1.0,1.0,1.0,1.0,0.98285714285714287,0.95277777777777772,1.0,0.0,0.0,0.0,0.0,0.0,0.0085714285714285719,0.0275,0.0,0.0,0.0,0.0,0.0,0.0,0.092184376028009593,0.16353516441426291,0.0
52.0,1.0,1.0,1.0,1.0,1.0,1.0,1.0,1.0,1.0,1.0,1.0,1.0,1.0,1.0,1.0,1.0,1.0,0.0,0.0,0.0,0.0,0.0,0.0,0.0,0.0,0.0,0.0,0.0,0.0,0.0,0.0,0.0,0.0
53.0,1.0,1.0,1.0,1.0,1.0,1.0,1.0,1.0,1.0,1.0,1.0,1.0,1.0,1.0,1.0,1.0,1.0,0.0,0.0,0.0,0.0,0.0,0.0,0.0,0.0,0.0,0.0,0.0,0.0,0.0,0.0,0.0,0.0
54.0,1.0,1.0,1.0,1.0,1.0,1.0,1.0,1.0,1.0,1.0,1.0,1.0,0.99459459459459465,1.0,1.0,1.0,1.0,0.0,0.0,0.0,0.0027027027027027029,0.0,0.0,0.0,0.0,0.0,0.0,0.0,0.05191722354675285,0.0,0.0,0.0,0.0
55.0,0.93859999999999999,1.0,1.0,1.0,1.0,1.0,0.0001,1.0,1.0,1.0,1.0,1.0,1.0,1.0,0.94539682539682535,1.0,1.0,0.0,0.0,0.0,0.0,0.0,0.034285714285714287,0.0,0.0,0.0,0.0,0.0,0.0,0.0,0.18196209517817896,0.0,0.0
56.0,1.0,1.0,1.0,1.0,1.0,1.0,1.0,1.0,1.0,1.0,1.0,1.0,1.0,1.0,1.0,1.0,1.0,0.0,0.0,0.0,0.0,0.0,0.0,0.0,0.0,0.0,0.0,0.0,0.0,0.0,0.0,0.0,0.0
57.0,1.0,1.0,1.0,1.0,1.0,1.0,1.0,1.0,1.0,1.0,1.0,1.0,1.0,1.0,1.0,1.0,1.0,0.0,0.0,0.0,0.0,0.0,0.0,0.0,0.0,0.0,0.0,0.0,0.0,0.0,0.0,0.0,0.0
58.0,1.0,1.0,1.0,1.0,1.0,1.0,1.0,1.0,1.0,1.0,1.0,1.0,1.0,1.0,1.0,1.0,1.0,0.0,0.0,0.0,0.0,0.0,0.0,0.0,0.0,0.0,0.0,0.0,0.0,0.0,0.0,0.0,0.0
59.0,1.0,1.0,1.0,1.0,1.0,1.0,1.0,1.0,1.0,1.0,1.0,1.0,1.0,1.0,1.0,1.0,1.0,0.0,0.0,0.0,0.0,0.0,0.0,0.0,0.0,0.0,0.0,0.0,0.0,0.0,0.0,0.0,0.0
60.0,1.0,1.0,1.0,1.0,1.0,1.0,1.0,1.0,1.0,1.0,1.0,1.0,1.0,1.0,1.0,1.0,1.0,0.0,0.0,0.0,0.0,0.0,0.0,0.0,0.0,0.0,0.0,0.0,0.0,0.0,0.0,0.0,0.0
61.0,1.0,1.0,1.0,1.0,1.0,1.0,1.0,1.0,1.0,1.0,1.0,1.0,1.0,1.0,1.0,1.0,1.0,0.0,0.0,0.0,0.0,0.0,0.0,0.0,0.0,0.0,0.0,0.0,0.0,0.0,0.0,0.0,0.0
62.0,1.0,1.0,1.0,1.0,1.0,1.0,1.0,1.0,1.0,1.0,1.0,1.0,1.0,1.0,1.0,1.0,1.0,0.0,0.0,0.0,0.0,0.0,0.0,0.0,0.0,0.0,0.0,0.0,0.0,0.0,0.0,0.0,0.0
63.0,1.0,1.0,1.0,1.0,1.0,1.0,1.0,1.0,1.0,1.0,1.0,1.0,1.0,1.0,1.0,1.0,1.0,0.0,0.0,0.0,0.0,0.0,0.0,0.0,0.0,0.0,0.0,0.0,0.0,0.0,0.0,0.0,0.0
64.0,1.0,1.0,1.0,1.0,1.0,1.0,1.0,1.0,1.0,1.0,1.0,1.0,0.98378378378378384,1.0,0.98857142857142855,0.96999999999999997,1.0,0.0,0.0,0.0,0.0081081081081081086,0.0,0.0057142857142857143,0.014999999999999999,0.0,0.0,0.0,0.0,0.089679243367767905,0.0,0.075376605475845251,0.12155245781143217,0.0
65.0,1.0,1.0,1.0,1.0,1.0,1.0,1.0,1.0,1.0,1.0,1.0,1.0,1.0,1.0,1.0,1.0,1.0,0.0,0.0,0.0,0.0,0.0,0.0,0.0,0.0,0.0,0.0,0.0,0.0,0.0,0.0,0.0,0.0
66.0,1.0,1.0,1.0,1.0,1.0,1.0,1.0,1.0,1.0,1.0,1.0,1.0,1.0,1.0,1.0,0.98999999999999999,1.0,0.0,0.0,0.0,0.0,0.0,0.0,0.0050000000000000001,0.0,0.0,0.0,0.0,0.0,0.0,0.0,0.070533679898329441,0.0
67.0,1.0,1.0,1.0,1.0,1.0,1.0,1.0,1.0,1.0,1.0,1.0,1.0,1.0,1.0,1.0,1.0,1.0,0.0,0.0,0.0,0.0,0.0,0.0,0.0,0.0,0.0,0.0,0.0,0.0,0.0,0.0,0.0,0.0
68.0,1.0,1.0,1.0,1.0,1.0,1.0,1.0,1.0,1.0,1.0,1.0,1.0,1.0,1.0,1.0,1.0,1.0,0.0,0.0,0.0,0.0,0.0,0.0,0.0,0.0,0.0,0.0,0.0,0.0,0.0,0.0,0.0,0.0
69.0,0.92649999999999999,1.0,1.0,1.0,1.0,1.0,0.0,1.0,1.0,0.99444444444444446,1.0,1.0,1.0,1.0,0.87809523809523804,1.0,1.0,0.0027777777777777779,0.0,0.0,0.0,0.0,0.080000000000000002,0.0,0.0,0.052631375893045618,0.0,0.0,0.0,0.0,0.27129319932501073,0.0,0.0
70.0,1.0,1.0,1.0,1.0,1.0,1.0,0.17230000000000001,1.0,1.0,0.99444444444444446,1.0,0.99428571428571433,1.0,1.0,0.96126984126984127,1.0,1.0,0.0027777777777777779,0.0,0.0028571428571428571,0.0,0.0,0.02,0.0,0.0,0.052631375893045618,0.0,0.053375833406484025,0.0,0.0,0.13999999999999999,0.0,0.0
71.0,1.0,1.0,1.0,1.0,1.0,1.0,1.0,1.0,1.0,1.0,1.0,1.0,1.0,1.0,1.0,1.0,1.0,0.0,0.0,0.0,0.0,0.0,0.0,0.0,0.0,0.0,0.0,0.0,0.0,0.0,0.0,0.0,0.0
72.0,1.0,1.0,1.0,1.0,1.0,1.0,1.0,1.0,1.0,1.0,1.0,1.0,1.0,1.0,1.0,1.0,1.0,0.0,0.0,0.0,0.0,0.0,0.0,0.0,0.0,0.0,0.0,0.0,0.0,0.0,0.0,0.0,0.0
73.0,1.0,1.0,1.0,1.0,1.0,1.0,1.0,1.0,1.0,1.0,1.0,1.0,1.0,0.99354838709677418,1.0,1.0,1.0,0.0,0.0,0.0,0.0,0.0032258064516129032,0.0,0.0,0.0,0.0,0.0,0.0,0.0,0.056704502681441775,0.0,0.0,0.0
74.0,0.0,0.70220000000000005,0.024,0.00020000000000000001,0.0018,0.27350000000000002,0.1133,1.0,0.0,0.81975308641975309,0.85277777777777775,0.95746031746031746,0.88468468468468464,0.88172043010752688,0.97269841269841273,0.93500000000000005,0.92152777777777772,0.094444444444444442,0.081250000000000003,0.025714285714285714,0.064864864864864868,0.061290322580645158,0.014285714285714285,0.032500000000000001,0.046875,0.29244604862781903,0.27321866242992987,0.15828158839388046,0.24628725945717872,0.23986208316156515,0.11866605518454393,0.17732385626305333,0.21137108216357317
75.0,0.0,0.00029999999999999997,0.0,0.0,0.0032000000000000002,0.0,1.0,0.095899999999999999,0.64400000000000002,0.72222222222222221,0.85486111111111107,0.86857142857142855,0.92072072072072075,0.63799283154121866,0.97714285714285709,0.91555555555555557,0.93263888888888891,0.17222222222222222,0.090624999999999997,0.082857142857142851,0.043243243243243246,0.26129032258064516,0.011428571428571429,0.044999999999999998,0.034375000000000003,0.37757347416769321,0.28707509361663547,0.27566616900645219,0.20340419159164083,0.4393377856574,0.10629185850136157,0.20730412441627882,0.18219044808935514
76.0,0.00029999999999999997,0.069000000000000006,0.0051999999999999998,0.1757,0.024299999999999999,1.0,1.0,0.045900000000000003,0.090499999999999997,0.87530864197530867,0.85972222222222228,0.9352380952380952,0.79519519519519521,1.0,0.97142857142857142,0.9244444444444444,0.92777777777777781,0.066666666666666666,0.074999999999999997,0.034285714285714287,0.11621621621621622,0.0,0.014285714285714285,0.040000000000000001,0.037499999999999999,0.24944382578492943,0.26339134382131846,0.18196209517817896,0.32048402035764889,0.0,0.11866605518454394,0.19595917942265428,0.18998355191963334
77.0,1.0,1.0,1.0,1.0,1.0,1.0,1.0,1.0,1.0,0.98888888888888893,0.98750000000000004,1.0,1.0,1.0,1.0,0.98999999999999999,0.99375000000000002,0.0055555555555555558,0.0062500000000000003,0.0,0.0,0.0,0.0,0.0050000000000000001,0.0031250000000000002,0.074328267556998062,0.078809501330740564,0.0,0.0,0.0,0.0,0.070533679898329441,0.055814284685911722
78.0,0.0,0.028899999999999999,0.68440000000000001,0.0054000000000000003,0.010500000000000001,0.65880000000000005,1.0,0.15570000000000001,0.058500000000000003,0.80061728395061726,0.83750000000000002,0.72380952380952379,0.6996996996996997,0.93046594982078856,0.96571428571428575,0.88888888888888884,0.875,0.11388888888888889,0.087499999999999994,0.16285714285714287,0.17837837837837839,0.035483870967741936,0.017142857142857144,0.059999999999999998,0.068750000000000006,0.31767626583763414,0.28256636388643291,0.3692352825469839,0.38283094507298976,0.18499936721212476,0.12980361933257767,0.23748684174075835,0.25302853099996453
79.0,0.0,0.0047999999999999996,0.1109,0.023599999999999999,0.0,1.0,0.031300000000000001,0.0001,0.29120000000000001,0.76666666666666672,0.87986111111111109,0.88,0.87267267267267268,0.94838709677419353,0.96253968253968258,0.88,0.91527777777777775,0.1388888888888889,0.065625000000000003,0.065714285714285711,0.07567567567567568,0.025806451612903226,0.02,0.070000000000000007,0.043749999999999997,0.34583054438857597,0.24762544169571912,0.24778199766598652,0.26447848265351498,0.15855749325734853,0.13999999999999999,0.25514701644346144,0.20453835214941968
80.0,0.0121,1.0,0.50600000000000001,0.097900000000000001,0.68959999999999999,1.0,1.0,0.012999999999999999,0.28770000000000001,0.89444444444444449,0.93263888888888891,0.85968253968253971,0.8942942942942943,0.97419354838709682,0.97142857142857142,0.9177777777777778,0.93888888888888888,0.052777777777777778,0.034375000000000003,0.077142857142857138,0.054054054054054057,0.012903225806451613,0.014285714285714285,0.044999999999999998,0.03125,0.22358954347334153,0.18219044808935511,0.2668179842789723,0.22612433149569611,0.11285713344861874,0.11866605518454394,0.20730412441627882,0.17399263633843817
81.0,0.019300000000000001,1.0,0.0001,0.0,0.74539999999999995,1.0,1.0,0.0,1.0,0.94999999999999996,0.90833333333333333,0.90539682539682542,0.93633633633633628,0.99354838709677418,0.99428571428571433,0.80166666666666664,0.96875,0.025000000000000001,0.056250000000000001,0.059999999999999998,0.032432432432432434,0.0032258064516129032,0.0028571428571428571,0.14249999999999999,0.015625,0.15612494995995996,0.23040385738958452,0.23748684174075835,0.17714561738566426,0.056704502681441768,0.053375833406484025,0.34956222622016814,0.12401959270615269
82.0,0.0,0.00029999999999999997,0.0079000000000000008,0.7248,0.0,0.1797,0.29289999999999999,0.047500000000000001,0.0,0.73950617283950615,0.84722222222222221,0.69079365079365085,0.71471471471471471,0.52974910394265229,0.75619047619047619,0.65777777777777779,0.69861111111111107,0.17222222222222222,0.087499999999999994,0.17999999999999999,0.1864864864864865,0.32258064516129031,0.13714285714285715,0.20999999999999999,0.19375000000000001,0.37757347416769327,0.28256636388643291,0.38418745424597095,0.38949875076104157,0.46746376600611095,0.34399810156096938,0.40730823708832609,0.39523529384405942
83.0,1.0,1.0,1.0,1.0,1.0,1.0,1.0,1.0,1.0,1.0,1.0,1.0,1.0,1.0,1.0,1.0,1.0,0.0,0.0,0.0,0.0,0.0,0.0,0.0,0.0,0.0,0.0,0.0,0.0,0.0,0.0,0.0,0.0
84.0,1.0,1.0,1.0,1.0,1.0,1.0,1.0,1.0,1.0,1.0,1.0,1.0,1.0,1.0,1.0,1.0,1.0,0.0,0.0,0.0,0.0,0.0,0.0,0.0,0.0,0.0,0.0,0.0,0.0,0.0,0.0,0.0,0.0
85.0,0.0,0.0047000000000000002,0.0,0.0,0.0,0.0055999999999999999,0.0,1.0,0.0,0.97592592592592597,0.74236111111111114,0.90920634920634924,0.92072072072072075,0.97204301075268817,0.94412698412698415,0.995,0.90416666666666667,0.013888888888888888,0.203125,0.071428571428571425,0.064864864864864868,0.016129032258064516,0.045714285714285714,0.0025000000000000001,0.074999999999999997,0.11702985796078277,0.40232478717449166,0.25753937681885636,0.24628725945717872,0.12597176896623641,0.20886476437139506,0.049937460888595443,0.26339134382131846
86.0,1.0,1.0,1.0,1.0,1.0,1.0,1.0,1.0,1.0,1.0,1.0,1.0,1.0,0.99354838709677418,1.0,1.0,1.0,0.0,0.0,0.0,0.0,0.0032258064516129032,0.0,0.0,0.0,0.0,0.0,0.0,0.0,0.056704502681441768,0.0,0.0,0.0
87.0,0.00050000000000000001,0.0,0.0,1.0,0.0,0.0001,0.0,1.0,0.0,0.95308641975308639,0.79305555555555551,0.98857142857142855,0.97417417417417418,0.98279569892473118,0.90539682539682542,0.995,0.9194444444444444,0.050000000000000003,0.15625,0.0057142857142857143,0.01891891891891892,0.012903225806451613,0.065714285714285711,0.0025000000000000001,0.10625,0.21794494717703364,0.36309218870694532,0.075376605475845251,0.1362387368770655,0.11285713344861874,0.24778199766598649,0.04993746088859545,0.30815732589052625
88.0,0.86719999999999997,1.0,1.0,1.0,1.0,1.0,0.72499999999999998,1.0,1.0,1.0,0.93125000000000002,0.99428571428571433,0.98378378378378384,1.0,0.91555555555555557,1.0,0.98750000000000004,0.0,0.034375000000000003,0.0028571428571428571,0.0081081081081081086,0.0,0.042857142857142858,0.0,0.0062500000000000003,0.0,0.18219044808935511,0.053375833406484025,0.089679243367767891,0.0,0.20253495541082608,0.0,0.078809501330740564
89.0,0.17860000000000001,0.63470000000000004,0.44969999999999999,0.47770000000000001,0.45369999999999999,1.0,0.0020999999999999999,1.0,1.0,0.94012345679012344,0.95138888888888884,0.94984126984126982,0.95255255255255256,1.0,0.97523809523809524,0.98999999999999999,0.98124999999999996,0.030555555555555555,0.025000000000000001,0.025714285714285714,0.024324324324324326,0.0,0.014285714285714285,0.0050000000000000001,0.0093749999999999997,0.17211017860732966,0.15612494995995996,0.15828158839388046,0.15405405405405403,0.0,0.11866605518454396,0.070533679898329427,0.096369649656932968
90.0,0.0,0.0,0.0,0.0,0.0,0.1052,0.0,0.0,0.0,0.66234567901234565,0.69652777777777775,0.69206349206349205,0.76336336336336341,0.79569892473118276,0.61968253968253972,0.72166666666666668,0.57638888888888884,0.49166666666666664,0.234375,0.47142857142857142,0.66486486486486485,0.11290322580645161,0.43142857142857144,0.72750000000000004,0.48125000000000001,0.49993055073235471,0.4236075534914362,0.49918300599017568,0.47203768528909834,0.31647446565078358,0.49527563960250803,0.44524571867677737,0.49964831381682856
91.0,0.0,0.0,0.0,0.0,0.0,0.0,0.0,0.0,0.0,0.69753086419753085,0.78055555555555556,0.60317460317460314,0.56216216216216219,0.75698924731182793,0.58857142857142852,0.50055555555555553,0.60416666666666663,0.21111111111111111,0.15625,0.29999999999999999,0.45675675675675675,0.14516129032258066,0.33714285714285713,0.4325,0.29999999999999999,0.40809705938237684,0.36309218870694532,0.45825756949558388,0.4981265119563561,0.35226338173937988,0.47273412297020417,0.49542279923313987,0.45825756949558394
92.0,0.0,0.0,0.0,0.0012999999999999999,0.0,0.0074999999999999997,0.0,0.0,0.0,0.67222222222222228,0.63541666666666663,0.75111111111111106,0.69249249249249245,0.69605734767025085,0.6711111111111111,0.84777777777777774,0.75277777777777777,0.22500000000000001,0.27187499999999998,0.14857142857142858,0.20000000000000001,0.18064516129032257,0.23428571428571429,0.089999999999999997,0.17499999999999999,0.41758232721225164,0.44492581895749767,0.35566551587646711,0.40000000000000008,0.3847239100871116,0.42355155337614681,0.2861817604250837,0.37996710383926657
93.0,0.0030999999999999999,0.1371,0.0064999999999999997,0.085800000000000001,0.001,1.0,0.041000000000000002,0.0,0.2069,0.9790123456790123,0.9555555555555556,0.9784126984126984,0.93273273273273272,1.0,0.92380952380952386,0.85611111111111116,0.92777777777777781,0.011111111111111112,0.025000000000000001,0.011428571428571429,0.03783783783783784,0.0,0.040000000000000001,0.092499999999999999,0.037499999999999999,0.10482201257840673,0.15612494995995996,0.10629185850136157,0.19080391994294904,0.0,0.19595917942265428,0.28973047820345033,0.18998355191963331
94.0,0.0,0.0,0.0,0.0,0.0,0.0,0.0,0.0,0.0,0.67407407407407405,0.63541666666666663,0.63809523809523805,0.60780780780780785,0.88100358422939073,0.63174603174603172,0.52111111111111108,0.64236111111111116,0.22222222222222221,0.37812499999999999,0.30857142857142855,0.49459459459459459,0.077419354838709681,0.34857142857142859,0.44,0.27812500000000001,0.41573970964154905,0.48491904930101476,0.46190378006768501,0.49997078073863799,0.26725567970590947,0.47651798261461453,0.49638694583963427,0.44807531105272919
95.0,0.0,0.0066,0.00050000000000000001,0.0,0.0,0.0146,0.059900000000000002,1.0,0.093399999999999997,0.78024691358024689,0.59444444444444444,0.73904761904761906,0.61441441441441447,0.9541218637992831,0.84317460317460313,0.96999999999999997,0.87361111111111112,0.13333333333333333,0.28749999999999998,0.17999999999999999,0.38918918918918921,0.025806451612903226,0.088571428571428565,0.014999999999999999,0.068750000000000006,0.33993463423951897,0.45259667475579179,0.38418745424597089,0.48756636902831052,0.1585574932573485,0.28412414647869144,0.1215524578114322,0.25302853099996453
96.0,0.0,0.53959999999999997,0.0,0.0001,0.0315,0.0264,0.0,0.00029999999999999997,0.0,0.88395061728395063,0.76111111111111107,0.73206349206349208,0.82402402402402397,0.83512544802867383,0.67619047619047623,0.91000000000000003,0.84444444444444444,0.061111111111111109,0.14999999999999999,0.15428571428571428,0.0945945945945946,0.090322580645161285,0.23428571428571429,0.050000000000000003,0.10000000000000001,0.2395340126367789,0.35707142142714249,0.36122241438352248,0.29265415983388798,0.28664335343900726,0.42355155337614681,0.21794494717703364,0.30000000000000004
97.0,0.1371,0.095100000000000004,1.0,0.40710000000000002,0.0041999999999999997,1.0,0.036400000000000002,1.0,1.0,0.93024691358024691,0.92500000000000004,0.91555555555555557,0.91951951951951949,1.0,0.95238095238095233,0.995,0.96875,0.036111111111111108,0.037499999999999999,0.042857142857142858,0.043243243243243246,0.0,0.025714285714285714,0.0025000000000000001,0.015625,0.18656660678007758,0.18998355191963334,0.20253495541082608,0.20340419159164086,0.0,0.15828158839388046,0.04993746088859545,0.12401959270615269
98.0,1.0,1.0,1.0,1.0,1.0,1.0,1.0,1.0,1.0,1.0,1.0,1.0,1.0,1.0,1.0,1.0,1.0,0.0,0.0,0.0,0.0,0.0,0.0,0.0,0.0,0.0,0.0,0.0,0.0,0.0,0.0,0.0,0.0
99.0,1.0,1.0,1.0,1.0,1.0,1.0,1.0,1.0,1.0,1.0,1.0,1.0,1.0,1.0,1.0,1.0,1.0,0.0,0.0,0.0,0.0,0.0,0.0,0.0,0.0,0.0,0.0,0.0,0.0,0.0,0.0,0.0,0.0
100.0,1.0,1.0,1.0,1.0,1.0,1.0,1.0,1.0,1.0,1.0,1.0,1.0,1.0,1.0,1.0,1.0,1.0,0.0,0.0,0.0,0.0,0.0,0.0,0.0,0.0,0.0,0.0,0.0,0.0,0.0,0.0,0.0,0.0
101.0,0.95730000000000004,1.0,0.35010000000000002,1.0,1.0,1.0,1.0,1.0,1.0,0.99444444444444446,0.96388888888888891,1.0,0.98918918918918919,0.99354838709677418,1.0,1.0,0.96875,0.0027777777777777779,0.018749999999999999,0.0,0.0054054054054054057,0.0032258064516129032,0.0,0.0,0.015625,0.052631375893045618,0.13564084008881691,0.0,0.073322486304056939,0.056704502681441768,0.0,0.0,0.12401959270615269
102.0,0.0,0.015800000000000002,0.1236,0.0055999999999999999,0.032899999999999999,0.71779999999999999,0.0,0.83479999999999999,0.00050000000000000001,0.8012345679012346,0.93541666666666667,0.9015873015873016,0.9303303303303303,0.83440860215053758,0.94539682539682535,0.93611111111111112,0.80972222222222223,0.11666666666666667,0.034375000000000003,0.054285714285714284,0.03783783783783784,0.087096774193548387,0.034285714285714287,0.032500000000000001,0.1125,0.32102267140430368,0.18219044808935511,0.2265806159189353,0.19080391994294907,0.28197681840645417,0.18196209517817896,0.17732385626305333,0.31598061649411346
103.0,0.83509999999999995,1.0,1.0,1.0,1.0,1.0,1.0,0.0,1.0,0.96111111111111114,0.98750000000000004,1.0,1.0,0.99354838709677418,0.98857142857142855,0.96388888888888891,0.96875,0.019444444444444445,0.0062500000000000003,0.0,0.0,0.0032258064516129032,0.0057142857142857143,0.022499999999999999,0.015625,0.13808098357373966,0.078809501330740564,0.0,0.0,0.056704502681441768,0.075376605475845251,0.14830289949963893,0.12401959270615269
104.0,0.86429999999999996,1.0,0.1183,1.0,1.0,1.0,1.0,1.0,1.0,0.99444444444444446,0.95277777777777772,1.0,0.99459459459459465,0.99354838709677418,0.97142857142857142,0.94999999999999996,1.0,0.0027777777777777779,0.025000000000000001,0.0,0.0027027027027027029,0.0032258064516129032,0.014285714285714285,0.025000000000000001,0.0,0.052631375893045604,0.15612494995995996,0.0,0.051917223546752836,0.056704502681441782,0.11866605518454394,0.15612494995995996,0.0
105.0,0.0263,1.0,0.1512,1.0,0.2059,0.00020000000000000001,0.0,1.0,0.21390000000000001,0.97777777777777775,0.97638888888888886,0.98857142857142855,0.97417417417417418,0.82150537634408605,0.93079365079365084,0.93999999999999995,0.8979166666666667,0.011111111111111112,0.012500000000000001,0.0057142857142857143,0.013513513513513514,0.10000000000000001,0.059999999999999998,0.029999999999999999,0.053124999999999999,0.10482201257840673,0.11110243021644486,0.075376605475845251,0.11545951007185853,0.30000000000000004,0.23748684174075835,0.1705872210923198,0.22428271082497644
106.0,1.0,1.0,1.0,1.0,1.0,1.0,1.0,1.0,1.0,1.0,0.99375000000000002,1.0,1.0,1.0,0.97142857142857142,0.93999999999999995,1.0,0.0,0.0031250000000000002,0.0,0.0,0.0,0.014285714285714285,0.029999999999999999,0.0,0.0,0.055814284685911722,0.0,0.0,0.0,0.11866605518454393,0.1705872210923198,0.0
107.0,0.0,0.0,0.0,0.001,0.0064999999999999997,0.0,0.0014,0.0,0.0058999999999999999,0.75432098765432098,0.91319444444444442,0.95492063492063495,0.97537537537537533,0.71971326164874549,0.93587301587301586,0.97277777777777774,0.97291666666666665,0.26666666666666666,0.11562500000000001,0.025714285714285714,0.013513513513513514,0.42258064516129035,0.037142857142857144,0.017500000000000002,0.015625,0.44221663871405331,0.31977470096147387,0.15828158839388046,0.11545951007185855,0.4939698811631717,0.18911177992426181,0.13112494041943357,0.12401959270615269
108.0,0.91420000000000001,0.0089999999999999993,1.0,1.0,1.0,1.0,1.0,1.0,1.0,0.97037037037037033,1.0,1.0,0.99459459459459465,1.0,0.98285714285714287,1.0,1.0,0.016666666666666666,0.0,0.0,0.0027027027027027029,0.0,0.0085714285714285719,0.0,0.0,0.12801909579781015,0.0,0.0,0.051917223546752836,0.0,0.092184376028009593,0.0,0.0
109.0,0.9073,1.0,1.0,1.0,1.0,1.0,1.0,0.0,1.0,1.0,1.0,1.0,1.0,1.0,1.0,0.87944444444444447,1.0,0.0,0.0,0.0,0.0,0.0,0.0,0.1125,0.0,0.0,0.0,0.0,0.0,0.0,0.0,0.31598061649411346,0.0
110.0,1.0,1.0,1.0,1.0,1.0,1.0,1.0,1.0,1.0,1.0,1.0,1.0,1.0,1.0,1.0,1.0,1.0,0.0,0.0,0.0,0.0,0.0,0.0,0.0,0.0,0.0,0.0,0.0,0.0,0.0,0.0,0.0,0.0
111.0,0.40689999999999998,0.34889999999999999,0.0050000000000000001,1.0,1.0,0.17749999999999999,1.0,1.0,1.0,0.96234567901234569,0.9604166666666667,0.97714285714285709,0.98918918918918919,0.90609318996415766,1.0,1.0,1.0,0.019444444444444445,0.021874999999999999,0.011428571428571429,0.0054054054054054057,0.048387096774193547,0.0,0.0,0.0,0.13808098357373966,0.14627537173085564,0.10629185850136157,0.073322486304056952,0.21458281767177534,0.0,0.0,0.0
112.0,0.0275,1.0,0.00050000000000000001,1.0,0.16309999999999999,0.036200000000000003,1.0,1.0,0.0,0.96111111111111114,0.96805555555555556,1.0,0.97417417417417418,0.72759856630824371,0.94857142857142862,1.0,0.73958333333333337,0.019444444444444445,0.018749999999999999,0.0,0.013513513513513514,0.16129032258064516,0.025714285714285714,0.0,0.18437500000000001,0.13808098357373966,0.13564084008881688,0.0,0.11545951007185853,0.36779852422552839,0.15828158839388046,0.0,0.38778971024899567
113.0,0.0,0.0,0.0,0.0,0.0,0.0,0.0001,0.0,0.0,0.64753086419753081,0.61319444444444449,0.66412698412698412,0.81921921921921925,0.54551971326164872,0.77142857142857146,0.88055555555555554,0.74305555555555558,0.32500000000000001,0.34687499999999999,0.31714285714285712,0.17027027027027028,0.53548387096774197,0.14285714285714285,0.077499999999999999,0.19375000000000001,0.46837484987987987,0.47597556069088248,0.46536358399226124,0.37587006442700299,0.49873930555065005,0.34992710611188266,0.26738315204963831,0.39523529384405948
114.0,0.0,0.0,0.0,0.020199999999999999,0.0,0.0001,0.0,1.0,0.0,0.76851851851851849,0.85555555555555551,0.9015873015873016,0.87747747747747751,0.55483870967741933,0.86095238095238091,1.0,0.82430555555555551,0.20277777777777778,0.14374999999999999,0.054285714285714284,0.091891891891891897,0.36451612903225805,0.11714285714285715,0.0,0.18437500000000001,0.40206834072988634,0.35083605501715465,0.2265806159189353,0.28887328034351112,0.4812942142885121,0.32159043543498822,0.0,0.38778971024899567
115.0,0.0121,0.27960000000000002,0.0,1.0,1.0,0.040099999999999997,0.084199999999999997,0.001,0.3125,0.81851851851851853,0.95625000000000004,0.98857142857142855,0.98378378378378384,0.9218637992831541,0.98412698412698407,0.9555555555555556,0.96388888888888891,0.10000000000000001,0.034375000000000003,0.0057142857142857143,0.0081081081081081086,0.041935483870967745,0.0085714285714285719,0.025000000000000001,0.018749999999999999,0.30000000000000004,0.18219044808935511,0.075376605475845251,0.089679243367767891,0.20044175977943207,0.092184376028009593,0.15612494995995996,0.13564084008881691
116.0,0.0,0.0,0.0,0.0038,0.001,0.0001,0.14560000000000001,0.0,0.023300000000000001,0.63950617283950617,0.74861111111111112,0.77460317460317463,0.86066066066066071,0.60573476702508966,0.84571428571428575,0.87277777777777776,0.80069444444444449,0.28888888888888886,0.17499999999999999,0.13428571428571429,0.081081081081081086,0.29677419354838708,0.082857142857142851,0.092499999999999999,0.11562500000000001,0.45324617898602532,0.37996710383926657,0.34095903159249175,0.27295959292870481,0.45683615398968974,0.27566616900645219,0.28973047820345033,0.31977470096147381
117.0,1.0,1.0,1.0,1.0,1.0,1.0,1.0,1.0,1.0,1.0,0.98750000000000004,1.0,0.99459459459459465,1.0,0.98285714285714287,0.995,1.0,0.0,0.0062500000000000003,0.0,0.0027027027027027029,0.0,0.0085714285714285719,0.0025000000000000001,0.0,0.0,0.078809501330740564,0.0,0.051917223546752836,0.0,0.092184376028009593,0.04993746088859545,0.0
118.0,1.0,1.0,1.0,1.0,1.0,1.0,1.0,1.0,1.0,1.0,1.0,1.0,1.0,1.0,1.0,1.0,1.0,0.0,0.0,0.0,0.0,0.0,0.0,0.0,0.0,0.0,0.0,0.0,0.0,0.0,0.0,0.0,0.0
119.0,1.0,1.0,1.0,1.0,1.0,1.0,1.0,1.0,1.0,1.0,1.0,1.0,1.0,1.0,1.0,1.0,1.0,0.0,0.0,0.0,0.0,0.0,0.0,0.0,0.0,0.0,0.0,0.0,0.0,0.0,0.0,0.0,0.0
120.0,0.0,0.0001,0.0001,0.062399999999999997,0.0,0.0027000000000000001,0.0,0.0,0.0,0.68765432098765433,0.74375000000000002,0.6711111111111111,0.76276276276276278,0.49032258064516127,0.67809523809523808,0.6661111111111111,0.69097222222222221,0.18888888888888888,0.14687500000000001,0.19428571428571428,0.14864864864864866,0.56451612903225812,0.20857142857142857,0.2175,0.20937500000000001,0.39142033230685641,0.35398126274564307,0.39564981424260026,0.3557417994888698,0.49582019835288382,0.40628732167654708,0.41254545204134785,0.40686251900980019
121.0,0.0,0.0,0.0,0.0,0.0,0.0,0.0,0.0,0.0,0.7055555555555556,0.6069444444444444,0.72952380952380957,0.59819819819819819,0.95197132616487457,0.68761904761904757,0.70333333333333337,0.6875,0.21388888888888888,0.35625000000000001,0.20000000000000001,0.37567567567567567,0.035483870967741936,0.25142857142857145,0.23000000000000001,0.29999999999999999,0.41004930447296878,0.47889031886226313,0.40000000000000002,0.48429687422210377,0.18499936721212476,0.43383435191090985,0.42083250825001628,0.45825756949558394
122.0,0.46939999999999998,0.0,0.0037000000000000002,1.0,1.0,1.0,1.0,1.0,1.0,0.96481481481481479,0.97916666666666663,1.0,0.98378378378378384,1.0,1.0,0.95499999999999996,0.96875,0.030555555555555555,0.012500000000000001,0.0,0.0081081081081081086,0.0,0.0,0.022499999999999999,0.015625,0.17211017860732963,0.11110243021644486,0.0,0.089679243367767877,0.0,0.0,0.14830289949963893,0.12401959270615269
123.0,1.0,1.0,1.0,1.0,1.0,1.0,1.0,1.0,1.0,1.0,0.99375000000000002,1.0,1.0,1.0,1.0,1.0,1.0,0.0,0.0031250000000000002,0.0,0.0,0.0,0.0,0.0,0.0,0.0,0.055814284685911722,0.0,0.0,0.0,0.0,0.0,0.0
124.0,1.0,1.0,1.0,1.0,1.0,1.0,1.0,1.0,1.0,1.0,0.99375000000000002,1.0,1.0,1.0,1.0,1.0,1.0,0.0,0.0031250000000000002,0.0,0.0,0.0,0.0,0.0,0.0,0.0,0.055814284685911722,0.0,0.0,0.0,0.0,0.0,0.0
125.0,1.0,1.0,1.0,1.0,1.0,1.0,1.0,1.0,1.0,1.0,1.0,1.0,1.0,1.0,1.0,1.0,1.0,0.0,0.0,0.0,0.0,0.0,0.0,0.0,0.0,0.0,0.0,0.0,0.0,0.0,0.0,0.0,0.0
126.0,0.14799999999999999,0.73350000000000004,0.65980000000000005,1.0,1.0,1.0,0.83189999999999997,0.43259999999999998,1.0,0.80185185185185182,0.82430555555555551,0.93142857142857138,0.92972972972972978,1.0,0.92126984126984124,0.91222222222222227,0.98124999999999996,0.10277777777777777,0.090624999999999997,0.034285714285714287,0.035135135135135137,0.0,0.040000000000000001,0.044999999999999998,0.0093749999999999997,0.30366841484230706,0.28707509361663541,0.18196209517817896,0.18412131167839027,0.0,0.19595917942265426,0.20730412441627882,0.096369649656932968
127.0,0.61980000000000002,0.0161,1.0,1.0,1.0,1.0,1.0,0.64870000000000005,1.0,0.86543209876543215,0.97499999999999998,0.86857142857142855,0.89729729729729735,0.80645161290322576,0.94857142857142862,0.86611111111111116,0.84999999999999998,0.072222222222222215,0.012500000000000001,0.065714285714285711,0.051351351351351354,0.096774193548387094,0.025714285714285714,0.067500000000000004,0.074999999999999997,0.25885550571603871,0.11110243021644486,0.24778199766598649,0.22071336630512758,0.2956500448358606,0.15828158839388046,0.25088593025516598,0.26339134382131846
128.0,0.057700000000000001,1.0,0.0,1.0,1.0,1.0,0.065600000000000006,1.0,0.0482,0.99444444444444446,0.81388888888888888,1.0,0.99459459459459465,1.0,0.85523809523809524,0.94499999999999995,0.9194444444444444,0.0027777777777777779,0.125,0.0,0.0027027027027027029,0.0,0.080000000000000002,0.0275,0.043749999999999997,0.052631375893045611,0.33071891388307384,0.0,0.05191722354675285,0.0,0.27129319932501073,0.16353516441426291,0.20453835214941968
129.0,1.0,1.0,1.0,1.0,1.0,1.0,1.0,1.0,1.0,1.0,0.98750000000000004,1.0,1.0,1.0,1.0,1.0,0.98750000000000004,0.0,0.0062500000000000003,0.0,0.0,0.0,0.0,0.0,0.0062500000000000003,0.0,0.078809501330740564,0.0,0.0,0.0,0.0,0.0,0.078809501330740564
130.0,1.0,1.0,1.0,1.0,1.0,1.0,1.0,1.0,1.0,1.0,1.0,1.0,1.0,1.0,1.0,1.0,1.0,0.0,0.0,0.0,0.0,0.0,0.0,0.0,0.0,0.0,0.0,0.0,0.0,0.0,0.0,0.0,0.0
131.0,1.0,1.0,1.0,1.0,1.0,1.0,1.0,1.0,1.0,1.0,1.0,1.0,1.0,1.0,1.0,0.995,1.0,0.0,0.0,0.0,0.0,0.0,0.0,0.0025000000000000001,0.0,0.0,0.0,0.0,0.0,0.0,0.0,0.04993746088859545,0.0
132.0,0.0,0.13220000000000001,0.2389,0.35880000000000001,0.23799999999999999,0.42099999999999999,0.37390000000000001,0.43919999999999998,0.0147,0.87098765432098768,0.89444444444444449,0.84063492063492062,0.86006006006006008,0.91254480286738349,0.933968253968254,0.95111111111111113,0.94791666666666663,0.069444444444444448,0.056250000000000001,0.082857142857142851,0.072972972972972977,0.045161290322580643,0.034285714285714287,0.025000000000000001,0.028125000000000001,0.25420840580171006,0.23040385738958452,0.27566616900645224,0.26009213403803416,0.20765776696040109,0.18196209517817896,0.15612494995995993,0.16532992583014122
133.0,0.0,0.18379999999999999,0.0,0.00040000000000000002,0.0001,0.13220000000000001,0.00080000000000000004,0.0,0.00029999999999999997,0.78703703703703709,0.7416666666666667,0.87238095238095237,0.89069069069069073,0.97562724014336921,0.90095238095238095,0.90500000000000003,0.89444444444444449,0.11944444444444445,0.18124999999999999,0.071428571428571425,0.064864864864864868,0.012903225806451613,0.057142857142857141,0.057500000000000002,0.0625,0.32431076012954374,0.38522517765587438,0.25753937681885636,0.24628725945717875,0.11285713344861874,0.23211538298959891,0.23279551112510738,0.24206145913796356
134.0,0.15890000000000001,0.1159,1.0,1.0,1.0,1.0,0.14360000000000001,0.47310000000000002,0.2873,0.9580246913580247,0.98124999999999996,0.99428571428571433,0.98918918918918919,0.99354838709677418,0.96698412698412695,0.88055555555555554,0.80763888888888891,0.022222222222222223,0.0093749999999999997,0.0028571428571428571,0.0054054054054054057,0.0032258064516129032,0.017142857142857144,0.0625,0.10312499999999999,0.14740554623801774,0.096369649656932968,0.053375833406484011,0.073322486304056952,0.056704502681441768,0.12980361933257767,0.24206145913796356,0.3041220715025465
135.0,0.23749999999999999,0.038199999999999998,0.50519999999999998,1.0,1.0,1.0,1.0,1.0,1.0,0.92716049382716048,0.93263888888888891,0.98285714285714287,0.99459459459459465,0.967741935483871,1.0,0.94499999999999995,0.96250000000000002,0.03888888888888889,0.034375000000000003,0.0085714285714285719,0.0027027027027027029,0.016129032258064516,0.0,0.0275,0.018749999999999999,0.19333014045894795,0.18219044808935511,0.092184376028009593,0.051917223546752836,0.12597176896623641,0.0,0.16353516441426291,0.13564084008881691
136.0,0.40360000000000001,1.0,1.0,1.0,1.0,1.0,1.0,0.070099999999999996,1.0,0.98888888888888893,0.94374999999999998,0.97714285714285709,0.97297297297297303,1.0,0.97714285714285709,0.90666666666666662,0.98124999999999996,0.0055555555555555558,0.028125000000000001,0.011428571428571429,0.013513513513513514,0.0,0.011428571428571429,0.050000000000000003,0.0093749999999999997,0.074328267556998062,0.16532992583014122,0.10629185850136157,0.11545951007185856,0.0,0.10629185850136157,0.21794494717703367,0.096369649656932968
137.0,0.0,0.0,0.0,0.053199999999999997,0.46679999999999999,1.0,0.0,0.65369999999999995,0.0,0.8364197530864198,0.73333333333333328,0.89650793650793648,0.94714714714714709,0.99354838709677418,0.79238095238095241,0.94111111111111112,0.91597222222222219,0.10833333333333334,0.22500000000000001,0.054285714285714284,0.027027027027027029,0.0032258064516129032,0.14000000000000001,0.029999999999999999,0.053124999999999999,0.31080093664952524,0.41758232721225164,0.2265806159189353,0.16216216216216217,0.056704502681441768,0.34698703145794946,0.1705872210923198,0.22428271082497644
138.0,0.9587,0.0055999999999999999,1.0,1.0,1.0,1.0,1.0,1.0,1.0,0.90061728395061724,1.0,1.0,0.99459459459459465,1.0,1.0,1.0,0.98124999999999996,0.052777777777777778,0.0,0.0,0.0027027027027027029,0.0,0.0,0.0,0.0093749999999999997,0.22358954347334153,0.0,0.0,0.051917223546752843,0.0,0.0,0.0,0.096369649656932968
139.0,1.0,1.0,1.0,1.0,1.0,1.0,1.0,1.0,1.0,1.0,1.0,1.0,1.0,1.0,1.0,1.0,1.0,0.0,0.0,0.0,0.0,0.0,0.0,0.0,0.0,0.0,0.0,0.0,0.0,0.0,0.0,0.0,0.0
140.0,1.0,1.0,1.0,1.0,1.0,1.0,1.0,1.0,1.0,0.99444444444444446,0.99375000000000002,1.0,1.0,1.0,1.0,1.0,1.0,0.0027777777777777779,0.0031250000000000002,0.0,0.0,0.0,0.0,0.0,0.0,0.052631375893045611,0.055814284685911722,0.0,0.0,0.0,0.0,0.0,0.0
141.0,0.0,0.0,0.0,0.00020000000000000001,0.0,0.0091999999999999998,0.0,0.00080000000000000004,0.0,0.61790123456790125,0.75138888888888888,0.62603174603174605,0.59759759759759756,0.91039426523297495,0.63682539682539685,0.5083333333333333,0.62777777777777777,0.26944444444444443,0.19375000000000001,0.24857142857142858,0.38378378378378381,0.048387096774193547,0.2742857142857143,0.39750000000000002,0.28125,0.44367120235876151,0.39523529384405942,0.43218476774336662,0.48630627292724249,0.21458281767177534,0.44615362962155736,0.48938098655342144,0.44960920531056747
142.0,0.0,1.0,0.0,0.00020000000000000001,0.0,1.0,0.0,0.0,0.0,0.97777777777777775,0.93819444444444444,0.86793650793650789,0.70150150150150148,0.98709677419354835,0.81523809523809521,0.69999999999999996,0.77638888888888891,0.011111111111111112,0.040625000000000001,0.074285714285714288,0.24054054054054055,0.0064516129032258064,0.15142857142857144,0.28499999999999998,0.16250000000000001,0.10482201257840672,0.19741988090108858,0.26223528927048606,0.42741173228750418,0.080062410619295865,0.35846611999416828,0.45141444372106659,0.36890886408434265
143.0,0.0,0.68420000000000003,0.0,0.0,0.0,0.00040000000000000002,0.0,0.0,0.0001,0.87283950617283945,0.90625,0.77269841269841266,0.70630630630630631,0.93763440860215053,0.76063492063492066,0.67888888888888888,0.76597222222222228,0.066666666666666666,0.059374999999999997,0.14857142857142858,0.22432432432432434,0.035483870967741936,0.16285714285714287,0.23499999999999999,0.14687500000000001,0.24944382578492943,0.23632521950693289,0.35566551587646711,0.41713657456612419,0.18499936721212476,0.3692352825469839,0.4239988207530771,0.35398126274564307
144.0,0.62880000000000003,1.0,1.0,1.0,1.0,1.0,1.0,0.0,0.1542,1.0,0.99375000000000002,1.0,0.98378378378378384,1.0,0.97714285714285709,0.90666666666666662,0.97638888888888886,0.0,0.0031250000000000002,0.0,0.0081081081081081086,0.0,0.011428571428571429,0.059999999999999998,0.012500000000000001,0.0,0.055814284685911722,0.0,0.089679243367767905,0.0,0.10629185850136157,0.23748684174075835,0.11110243021644485
145.0,1.0,1.0,1.0,1.0,1.0,1.0,1.0,1.0,1.0,1.0,1.0,1.0,1.0,1.0,1.0,1.0,0.99375000000000002,0.0,0.0,0.0,0.0,0.0,0.0,0.0,0.0031250000000000002,0.0,0.0,0.0,0.0,0.0,0.0,0.0,0.055814284685911722
146.0,0.40300000000000002,0.25979999999999998,1.0,1.0,1.0,0.19769999999999999,1.0,0.14799999999999999,1.0,0.94567901234567897,0.97499999999999998,0.99428571428571433,0.9027027027027027,0.95627240143369174,0.97714285714285709,0.97611111111111115,0.96875,0.027777777777777776,0.012500000000000001,0.0028571428571428571,0.048648648648648651,0.022580645161290321,0.011428571428571429,0.012500000000000001,0.015625,0.16433554953054486,0.11110243021644486,0.053375833406484025,0.2151324188338638,0.14856230889896072,0.10629185850136157,0.11110243021644485,0.12401959270615269
147.0,0.0,0.0,0.00080000000000000004,0.0,0.0,0.0023,0.0,0.00040000000000000002,0.00020000000000000001,0.70864197530864192,0.8881944444444444,0.77269841269841266,0.63963963963963966,0.92473118279569888,0.76698412698412699,0.63277777777777777,0.7993055555555556,0.2388888888888889,0.065625000000000003,0.16,0.30270270270270272,0.041935483870967745,0.15142857142857144,0.2475,0.121875,0.42640472283303921,0.24762544169571912,0.36660605559646714,0.45942766185677358,0.20044175977943207,0.35846611999416828,0.43155967142447405,0.32714138285304112
148.0,0.8629,0.0060000000000000001,1.0,1.0,1.0,1.0,1.0,1.0,1.0,0.9018518518518519,0.97499999999999998,1.0,1.0,1.0,1.0,1.0,0.99375000000000002,0.052777777777777778,0.012500000000000001,0.0,0.0,0.0,0.0,0.0,0.0031250000000000002,0.22358954347334156,0.11110243021644485,0.0,0.0,0.0,0.0,0.0,0.055814284685911722
149.0,0.4471,0.0,1.0,0.028899999999999999,1.0,1.0,1.0,1.0,0.1764,0.9253086419753086,0.98124999999999996,0.98984126984126986,0.97837837837837838,0.96129032258064517,1.0,0.98999999999999999,0.94027777777777777,0.041666666666666664,0.0093749999999999997,0.0057142857142857143,0.010810810810810811,0.01935483870967742,0.0,0.0050000000000000001,0.03125,0.19982631347136337,0.096369649656932968,0.075376605475845251,0.10341149443085941,0.13776875163911367,0.0,0.070533679898329427,0.17399263633843817
150.0,0.0001,1.0,0.011599999999999999,0.00040000000000000002,0.33879999999999999,1.0,0.015100000000000001,0.079299999999999995,0.34989999999999999,0.97777777777777775,0.93819444444444444,0.87619047619047619,0.79219219219219217,0.95483870967741935,0.83301587301587299,0.76388888888888884,0.89166666666666672,0.011111111111111112,0.034375000000000003,0.071428571428571425,0.11351351351351352,0.022580645161290321,0.094285714285714292,0.13250000000000001,0.056250000000000001,0.10482201257840673,0.18219044808935514,0.25753937681885641,0.3172194756999181,0.14856230889896072,0.29222580031090162,0.33903355291180254,0.23040385738958455
151.0,1.0,1.0,1.0,1.0,1.0,1.0,1.0,1.0,1.0,1.0,1.0,1.0,1.0,1.0,1.0,1.0,1.0,0.0,0.0,0.0,0.0,0.0,0.0,0.0,0.0,0.0,0.0,0.0,0.0,0.0,0.0,0.0,0.0
152.0,1.0,1.0,1.0,1.0,1.0,1.0,1.0,1.0,1.0,1.0,1.0,1.0,1.0,1.0,1.0,1.0,1.0,0.0,0.0,0.0,0.0,0.0,0.0,0.0,0.0,0.0,0.0,0.0,0.0,0.0,0.0,0.0,0.0
153.0,0.95630000000000004,0.0,1.0,1.0,1.0,1.0,1.0,1.0,1.0,0.9790123456790123,1.0,1.0,1.0,1.0,1.0,1.0,1.0,0.016666666666666666,0.0,0.0,0.0,0.0,0.0,0.0,0.0,0.12801909579781015,0.0,0.0,0.0,0.0,0.0,0.0,0.0
154.0,0.93030000000000002,0.00050000000000000001,1.0,1.0,1.0,0.035099999999999999,1.0,1.0,1.0,0.97407407407407409,1.0,1.0,1.0,0.98853046594982075,1.0,1.0,1.0,0.016666666666666666,0.0,0.0,0.0,0.0064516129032258064,0.0,0.0,0.0,0.12801909579781015,0.0,0.0,0.0,0.080062410619295865,0.0,0.0,0.0
155.0,0.5161,0.42499999999999999,0.0011000000000000001,1.0,1.0,0.1196,1.0,1.0,1.0,0.96234567901234569,0.98541666666666672,1.0,1.0,0.91397849462365588,0.98285714285714287,1.0,1.0,0.019444444444444445,0.0093749999999999997,0.0,0.0,0.045161290322580643,0.0085714285714285719,0.0,0.0,0.13808098357373966,0.096369649656932968,0.0,0.0,0.20765776696040106,0.092184376028009593,0.0,0.0
156.0,0.46629999999999999,0.00069999999999999999,0.063600000000000004,1.0,1.0,0.0035000000000000001,1.0,1.0,1.0,0.94753086419753085,0.98263888888888884,1.0,1.0,0.97204301075268817,1.0,1.0,1.0,0.030555555555555555,0.0093749999999999997,0.0,0.0,0.016129032258064516,0.0,0.0,0.0,0.17211017860732966,0.096369649656932968,0.0,0.0,0.12597176896623641,0.0,0.0,0.0
157.0,0.80530000000000002,0.0045999999999999999,0.065299999999999997,1.0,1.0,0.029700000000000001,1.0,1.0,1.0,0.96049382716049381,0.98263888888888884,1.0,1.0,0.98853046594982075,1.0,1.0,1.0,0.022222222222222223,0.0093749999999999997,0.0,0.0,0.0064516129032258064,0.0,0.0,0.0,0.14740554623801777,0.096369649656932968,0.0,0.0,0.080062410619295865,0.0,0.0,0.0
158.0,1.0,1.0,1.0,1.0,1.0,1.0,1.0,1.0,1.0,1.0,1.0,1.0,1.0,1.0,1.0,1.0,1.0,0.0,0.0,0.0,0.0,0.0,0.0,0.0,0.0,0.0,0.0,0.0,0.0,0.0,0.0,0.0,0.0
159.0,1.0,1.0,1.0,1.0,1.0,1.0,1.0,1.0,1.0,1.0,1.0,1.0,1.0,1.0,1.0,1.0,1.0,0.0,0.0,0.0,0.0,0.0,0.0,0.0,0.0,0.0,0.0,0.0,0.0,0.0,0.0,0.0,0.0
160.0,0.4955,0.080299999999999996,0.0011999999999999999,1.0,1.0,1.0,0.058099999999999999,1.0,1.0,0.98456790123456794,0.93958333333333333,1.0,1.0,0.97419354838709682,0.98412698412698407,1.0,1.0,0.0083333333333333332,0.034375000000000003,0.0,0.0,0.012903225806451613,0.0085714285714285719,0.0,0.0,0.090905934288630946,0.18219044808935511,0.0,0.0,0.11285713344861874,0.092184376028009593,0.0,0.0
161.0,1.0,1.0,1.0,1.0,1.0,1.0,1.0,1.0,1.0,1.0,1.0,1.0,1.0,1.0,1.0,1.0,1.0,0.0,0.0,0.0,0.0,0.0,0.0,0.0,0.0,0.0,0.0,0.0,0.0,0.0,0.0,0.0,0.0
162.0,1.0,1.0,1.0,1.0,1.0,1.0,1.0,1.0,1.0,1.0,1.0,1.0,1.0,1.0,1.0,1.0,1.0,0.0,0.0,0.0,0.0,0.0,0.0,0.0,0.0,0.0,0.0,0.0,0.0,0.0,0.0,0.0,0.0
163.0,0.9073,1.0,0.092700000000000005,1.0,1.0,1.0,1.0,1.0,1.0,1.0,0.97638888888888886,1.0,0.99459459459459465,1.0,1.0,1.0,1.0,0.0,0.012500000000000001,0.0,0.0027027027027027029,0.0,0.0,0.0,0.0,0.0,0.11110243021644485,0.0,0.051917223546752836,0.0,0.0,0.0,0.0
164.0,1.0,1.0,1.0,1.0,1.0,1.0,1.0,1.0,1.0,0.99444444444444446,0.98750000000000004,0.99428571428571433,1.0,1.0,1.0,1.0,0.97499999999999998,0.0027777777777777779,0.0062500000000000003,0.0028571428571428571,0.0,0.0,0.0,0.0,0.012500000000000001,0.052631375893045611,0.078809501330740564,0.053375833406484031,0.0,0.0,0.0,0.0,0.11110243021644486
165.0,0.85909999999999997,1.0,0.090999999999999998,1.0,1.0,1.0,1.0,1.0,1.0,0.98333333333333328,0.97638888888888886,1.0,1.0,0.99354838709677418,0.99428571428571433,1.0,0.98124999999999996,0.0083333333333333332,0.012500000000000001,0.0,0.0,0.0032258064516129032,0.0028571428571428571,0.0,0.0093749999999999997,0.090905934288630974,0.11110243021644485,0.0,0.0,0.056704502681441768,0.053375833406484025,0.0,0.096369649656932968
166.0,0.92220000000000002,0.88739999999999997,0.80469999999999997,1.0,1.0,0.8387,0.97140000000000004,0.95009999999999994,0.88180000000000003,0.8179012345679012,0.83263888888888893,0.79555555555555557,0.78318318318318314,0.82724014336917562,0.80126984126984124,0.80611111111111111,0.82013888888888886,0.09166666666666666,0.084375000000000006,0.10285714285714286,0.11081081081081082,0.087096774193548387,0.10000000000000001,0.097500000000000003,0.090624999999999997,0.2885548282196797,0.27794938275700487,0.30377220251433174,0.31389771426096985,0.28197681840645417,0.30000000000000004,0.29663740492392393,0.28707509361663547
167.0,1.0,1.0,1.0,1.0,1.0,1.0,1.0,1.0,1.0,1.0,1.0,1.0,1.0,1.0,1.0,1.0,1.0,0.0,0.0,0.0,0.0,0.0,0.0,0.0,0.0,0.0,0.0,0.0,0.0,0.0,0.0,0.0,0.0
168.0,1.0,1.0,1.0,1.0,1.0,1.0,1.0,1.0,1.0,1.0,1.0,1.0,1.0,1.0,1.0,1.0,1.0,0.0,0.0,0.0,0.0,0.0,0.0,0.0,0.0,0.0,0.0,0.0,0.0,0.0,0.0,0.0,0.0
169.0,0.2132,0.0001,0.012200000000000001,1.0,0.0,1.0,1.0,1.0,0.15440000000000001,0.96851851851851856,0.95416666666666672,1.0,0.98498498498498499,0.99354838709677418,0.99428571428571433,1.0,0.97638888888888886,0.019444444444444445,0.025000000000000001,0.0,0.013513513513513514,0.0032258064516129032,0.0028571428571428571,0.0,0.012500000000000001,0.13808098357373966,0.15612494995995996,0.0,0.11545951007185855,0.056704502681441768,0.053375833406484011,0.0,0.11110243021644486
170.0,0.012800000000000001,0.0,0.0016999999999999999,1.0,0.023699999999999999,1.0,0.00020000000000000001,0.0,0.0,0.98518518518518516,0.97916666666666663,0.98857142857142855,0.93993993993993996,1.0,0.97904761904761906,0.91055555555555556,0.93611111111111112,0.011111111111111112,0.012500000000000001,0.0057142857142857143,0.032432432432432434,0.0,0.014285714285714285,0.067500000000000004,0.050000000000000003,0.10482201257840672,0.11110243021644485,0.075376605475845251,0.1771456173856642,0.0,0.11866605518454394,0.25088593025516598,0.21794494717703367
171.0,0.27200000000000002,0.0,0.0047000000000000002,0.1123,1.0,0.0,1.0,1.0,1.0,0.98456790123456794,0.89722222222222225,0.97269841269841273,1.0,0.98279569892473118,1.0,1.0,0.98124999999999996,0.013888888888888888,0.056250000000000001,0.014285714285714285,0.0,0.01935483870967742,0.0,0.0,0.0093749999999999997,0.11702985796078276,0.23040385738958452,0.11866605518454396,0.0,0.1377687516391137,0.0,0.0,0.096369649656932968
172.0,0.61360000000000003,0.30549999999999999,1.0,1.0,1.0,1.0,1.0,0.0,1.0,0.95679012345679015,1.0,1.0,1.0,0.99354838709677418,1.0,0.95166666666666666,1.0,0.022222222222222223,0.0,0.0,0.0,0.0032258064516129032,0.0,0.032500000000000001,0.0,0.14740554623801774,0.0,0.0,0.0,0.056704502681441775,0.0,0.17732385626305333,0.0
173.0,0.63490000000000002,0.0001,0.2132,1.0,1.0,1.0,1.0,1.0,1.0,0.82098765432098764,0.97013888888888888,0.95999999999999996,0.97837837837837838,1.0,0.96571428571428575,1.0,1.0,0.10555555555555556,0.015625,0.02,0.010810810810810811,0.0,0.017142857142857144,0.0,0.0,0.30726792908944078,0.12401959270615269,0.13999999999999999,0.10341149443085941,0.0,0.12980361933257767,0.0,0.0
174.0,0.98140000000000005,1.0,1.0,1.0,0.0,1.0,1.0,1.0,1.0,1.0,0.99375000000000002,0.97142857142857142,0.98498498498498499,0.99354838709677418,1.0,1.0,1.0,0.0,0.0031250000000000002,0.014285714285714285,0.013513513513513514,0.0032258064516129032,0.0,0.0,0.0,0.0,0.055814284685911722,0.11866605518454394,0.11545951007185853,0.056704502681441768,0.0,0.0,0.0
175.0,1.0,1.0,1.0,1.0,1.0,1.0,1.0,1.0,1.0,1.0,1.0,1.0,1.0,1.0,1.0,1.0,1.0,0.0,0.0,0.0,0.0,0.0,0.0,0.0,0.0,0.0,0.0,0.0,0.0,0.0,0.0,0.0,0.0
176.0,1.0,1.0,1.0,1.0,1.0,1.0,1.0,1.0,1.0,1.0,1.0,1.0,1.0,1.0,1.0,1.0,1.0,0.0,0.0,0.0,0.0,0.0,0.0,0.0,0.0,0.0,0.0,0.0,0.0,0.0,0.0,0.0,0.0
177.0,0.0027000000000000001,0.00040000000000000002,0.0,0.1229,0.19719999999999999,1.0,0.26179999999999998,0.088200000000000001,1.0,0.87222222222222223,0.88402777777777775,0.9568253968253968,0.87027027027027026,1.0,0.94412698412698415,0.93833333333333335,0.96875,0.074999999999999997,0.071874999999999994,0.022857142857142857,0.070270270270270274,0.0,0.028571428571428571,0.032500000000000001,0.015625,0.26339134382131846,0.25828082463667329,0.14944796377853739,0.25560195497377058,0.0,0.16659862556700861,0.17732385626305333,0.12401959270615269
178.0,0.28070000000000001,0.00020000000000000001,0.0057000000000000002,1.0,0.086099999999999996,1.0,1.0,1.0,0.0111,0.93641975308641978,0.97152777777777777,0.98857142857142855,0.97957957957957953,0.99354838709677418,1.0,0.995,0.90069444444444446,0.036111111111111108,0.015625,0.0057142857142857143,0.010810810810810811,0.0032258064516129032,0.0,0.0025000000000000001,0.053124999999999999,0.18656660678007758,0.12401959270615269,0.075376605475845251,0.10341149443085941,0.056704502681441775,0.0,0.049937460888595443,0.22428271082497644
179.0,0.00029999999999999997,0.0091000000000000004,0.0,0.21879999999999999,0.052400000000000002,0.0001,0.0077999999999999996,1.0,0.0,0.91975308641975306,0.89097222222222228,0.97269841269841273,0.98498498498498499,0.65949820788530467,0.9352380952380952,0.97999999999999998,0.94930555555555551,0.044444444444444446,0.078125,0.014285714285714285,0.0081081081081081086,0.22903225806451613,0.034285714285714287,0.01,0.034375000000000003,0.20608041101101562,0.26836818808308854,0.11866605518454396,0.089679243367767877,0.42021004608455642,0.18196209517817896,0.099498743710661988,0.18219044808935511
180.0,0.0,0.13500000000000001,0.019199999999999998,0.10059999999999999,1.0,0.16739999999999999,0.0001,0.0,0.0094000000000000004,0.88518518518518519,0.79722222222222228,0.80380952380952386,0.82702702702702702,0.93189964157706096,0.9098412698412699,0.77666666666666662,0.90555555555555556,0.061111111111111109,0.1125,0.10571428571428572,0.086486486486486491,0.035483870967741936,0.051428571428571428,0.16,0.050000000000000003,0.2395340126367789,0.31598061649411346,0.30747158488257753,0.2810810810810811,0.18499936721212476,0.22087026388671643,0.36660605559646714,0.21794494717703367
181.0,0.88990000000000002,1.0,1.0,1.0,1.0,1.0,0.0,1.0,1.0,1.0,1.0,1.0,1.0,1.0,0.93650793650793651,1.0,0.98124999999999996,0.0,0.0,0.0,0.0,0.0,0.040000000000000001,0.0,0.0093749999999999997,0.0,0.0,0.0,0.0,0.0,0.19595917942265423,0.0,0.096369649656932968
182.0,0.0083999999999999995,0.80549999999999999,0.0,1.0,1.0,0.0097999999999999997,0.00040000000000000002,1.0,0.0,0.90802469135802466,0.94999999999999996,0.98857142857142855,1.0,0.83369175627240144,0.96063492063492062,0.995,0.90763888888888888,0.047222222222222221,0.043749999999999997,0.0057142857142857143,0.0,0.090322580645161285,0.022857142857142857,0.0025000000000000001,0.071874999999999994,0.21211384667347219,0.20453835214941968,0.075376605475845251,0.0,0.28664335343900721,0.14944796377853739,0.04993746088859545,0.25828082463667329
183.0,0.85650000000000004,0.0545,0.094100000000000003,1.0,1.0,1.0,1.0,1.0,1.0,0.98456790123456794,0.97638888888888886,0.99428571428571433,0.98918918918918919,1.0,0.98857142857142855,0.98499999999999999,0.99375000000000002,0.0083333333333333332,0.012500000000000001,0.0028571428571428571,0.0054054054054054057,0.0,0.0057142857142857143,0.0074999999999999997,0.0031250000000000002,0.09090593428863096,0.11110243021644485,0.053375833406484018,0.073322486304056939,0.0,0.075376605475845251,0.086277169633686979,0.055814284685911722
